cameraLocation,cameraNumber,cameraProject,Location 1
Eutaw and Lexington Market,1,Downtown,"(39.29115423990, -76.62094803270)"
Eutaw and Fayette,2,Downtown,"(39.29031875720, -76.62087253300)"
Eutaw and Baltimore,3,Downtown,"(39.28937538840, -76.62079335070)"
Eutaw and Redwood,4,Downtown,"(39.28858625230, -76.62097713630)"
Eutaw and Lombard,5,Downtown,"(39.28761003840, -76.62072447100)"
Eutaw and Camden,6,Downtown,"(39.28528388680, -76.62087691360)"
Paca and Pratt,7,Downtown,"(39.28635037930, -76.62219365190)"
Greene and Lombard,8,Downtown,"(39.28734327280, -76.62370500760)"
Greene and Baltimore,9,Downtown,"(39.28911811490, -76.62380501030)"
Greene and Fayette,10,Downtown,"(39.29033964100, -76.62384178920)"
Greene and Lexington,11,Downtown,"(39.29141360810, -76.62386389300)"
Paca and Fayette,12,Downtown,"(39.29043278610, -76.62224850040)"
S Howard St and W Lombard St,13,Downtown,"(39.28747210520, -76.61919028840)"
S Howard St and W Pratt St,14,Downtown,"(39.28614145930, -76.61930103960)"
S Howard St and W Camden St,15,Downtown,"(39.28538095740, -76.61904002940)"
S Hanover and W Pratt St,16,Downtown,"(39.28636080770, -76.61632134240)"
Hopkins Pl and W Lombard St,17,Downtown,"(39.28772030460, -76.61785289760)"
Park Ave and W Baltimore St,18,Downtown,"(39.28949208950, -76.61812268640)"
S Howard St and W Baltimore St,19,Downtown,"(39.28929558250, -76.61952622700)"
N Howard St and W Fayette St,20,Downtown,"(39.29034308730, -76.61957646580)"
N Howard St and W Lexington St,21,Downtown,"(39.29161503580, -76.61966372530)"
Park Ave and W Lexington St,22,Downtown,"(39.29170378180, -76.61796813310)"
N Liberty St and W Lexington St,23,Downtown,"(39.29153247650, -76.61727845170)"
N Liberty St and W Fayette St,24,Downtown,"(39.29041436390, -76.61779934520)"
Park Ave and W Fayette St,25,Downtown,"(39.29057620220, -76.61786076170)"
N Liberty St and Clay St,26,Downtown,"(39.29230675630, -76.61696261450)"
Cathedral St and W Saratoga St,27,Downtown,"(39.29307632450, -76.61660586030)"
Cathedral St and W Mulberry St,28,Downtown,"(39.29410280360, -76.61669917700)"
N Charles St and E Mulberry St,29,Downtown,"(39.29406792630, -76.61536160170)"
Cathedral St and W Franklin St,30,Downtown,"(39.29511220280, -76.61701884270)"
Park Ave and W Franklin St,31,Downtown,"(39.29510863690, -76.61833961330)"
Park Ave and W Mulberry St,32,Downtown,"(39.29411626020, -76.61826442160)"
Park Ave and W Saratoga St,33,Downtown,"(39.29289749550, -76.61799650710)"
N Howard St and W Saratoga St,34,Downtown,"(39.29277839950, -76.61957900050)"
N Howard St and W Mulberry St,35,Downtown,"(39.29405453150, -76.61964360750)"
N Howard St and W Franklin St,36,Downtown,"(39.29506884530, -76.61970774680)"
N Howard St and W Centre St,37,Downtown,"(39.29627307290, -76.61979434970)"
N Eutaw St and George St,38,Downtown,"(39.29583636280, -76.62125207370)"
S Paca St and W Baltimore St,39,Downtown,"(39.28934953680, -76.62237949430)"
N Eutaw St and W Saratoga,40,Downtown,"(39.29291866480, -76.62106147080)"
N Paca St and W Saratoga St,41,Downtown,"(39.29285320570, -76.62259962300)"
N Paca St and W Mulberry St,42,Downtown,"(39.29375555660, -76.62240983800)"
N Paca St and W Lexington St,43,Downtown,"(39.29134168840, -76.62230156510)"
N Greene St and W Franklin St,44,Downtown,"(39.29469212900, -76.62412131310)"
N Greene St and W Saratoga St,45,Downtown,"(39.29262611360, -76.62392436290)"
N Eutaw St and W Franklin St,46,Downtown,"(39.29494154180, -76.62139312280)"
N Eutaw St and Druid Hill Ave,47,Downtown,"(39.29653925290, -76.62145009260)"
N Eutaw St and W Mulberry St,48,Downtown,"(39.29381611500, -76.62112063110)"
N Paca St and George St,49,Downtown,"(39.29566135700, -76.62271918710)"
Cathedral St and W Centre St,50,Downtown,"(39.29635242630, -76.61683841820)"
Center Plaza and,51,Downtown,"(39.29129323820, -76.61648897980)"
Hopkins Plaza and,52,Downtown,"(39.28875950370, -76.61625299260)"
Charles and Baltimore,53,Downtown,"(39.28945021270, -76.61531923550)"
S Charles St and E Lombard St,54,Downtown,"(39.28764921140, -76.61514294140)"
Saint Paul St and E Lexington St,55,Downtown,"(39.29122054430, -76.61402638970)"
Light St and E Redwood St,56,Downtown,"(39.28894499860, -76.61361140500)"
N Calvert St and E Fayette St,57,Downtown,"(39.29049942400, -76.61226180310)"
S Calvert St and E Redwood St,58,Downtown,"(39.28882559180, -76.61231751010)"
S Calvert St and E Lombard St,59,Downtown,"(39.28771365720, -76.61200749630)"
Guilford Ave and E Lexington St,60,Downtown,"(39.29133583950, -76.61096467520)"
South St and E Baltimore St,61,Downtown,"(39.28976671280, -76.61087663510)"
South St and Water St,62,Downtown,"(39.28831797460, -76.61078105600)"
N Holiday St and E Saratoga St,63,Downtown,"(39.29252454670, -76.61049218270)"
N Holiday St and E Fayette St,64,Downtown,"(39.29052820490, -76.61034640640)"
Commerce St and E Lombard St,65,Downtown,"(39.28776303750, -76.61015930340)"
Commerce St and E Pratt St,66,Downtown,"(39.28673804130, -76.60986034030)"
Custom House Ave and,67,Downtown,"(39.28914518510, -76.60977477260)"
S Gay St and E Baltimore St,68,Downtown,"(39.28986781400, -76.60900714670)"
S Gay St and Water St,69,Downtown,"(39.28852673730, -76.60873149880)"
E Saratoga St and E Lexington St,70,Downtown,"(39.29132188490, -76.60771253910)"
Market Pl and E Lombard St,71,Downtown,"(39.28777576050, -76.60696072630)"
W Lexington St between Pearl St & Greene St,72,Downtown,"(39.29146151950, -76.62472344290)"
N Greene St and W Mulberry St,73,Downtown,"(39.29373206990, -76.62381307120)"
Druid Hill Ave and Saint Mary St,74,Downtown,"(39.29750593010, -76.62277580670)"
Pennsylvania Ave and Saint Mary St,75,Downtown,"(39.29586805780, -76.62511144920)"
N Eutaw St and W Monument St,76,Downtown,"(39.29719912940, -76.62133152820)"
Saratoga and Charles,77,Downtown,"(39.29222492940, -76.61527074280)"
Saint Paul St and Franklin,78,Downtown,"(39.29518713880, -76.61424303130)"
Charles and Fayette,79,Downtown,"(39.29029217860, -76.61536535720)"
E Fayette St and N Broadway,201,Broadway,"(39.29388263810, -76.59418672150)"
E Fairmount Ave and N Broadway,202,Broadway,"(39.29253409270, -76.59405614280)"
E Baltimore St and S Broadway,203,Broadway,"(39.29146766560, -76.59399795060)"
E Baltimore St and S Ann St,204,Broadway,"(39.29159176730, -76.59167956320)"
E Baltimore St and S Washington St,205,Broadway,"(39.29169182750, -76.58908216830)"
E Lombard St and S Broadway,206,Broadway,"(39.29046771250, -76.59364450130)"
E Lombard St and S Ann St,207,Broadway,"(39.29050972440, -76.59174148910)"
E Lombard St and S Durham St,208,Broadway,"(39.29053206740, -76.59102592860)"
E Lombard St and S Chapel St,209,Broadway,"(39.29050025590, -76.58974317510)"
E Lombard St and S Washington St,210,Broadway,"(39.29058865820, -76.58916466390)"
E Pratt St and S Broadway,211,Broadway,"(39.28927100180, -76.59352700840)"
E Pratt St and N Bond St,212,Broadway,"(39.28911840020, -76.59552118030)"
Gough St and S Broadway,213,Broadway,"(39.28755211060, -76.59374892860)"
Gough St and S Regester St,214,Broadway,"(39.28761944280, -76.59237841570)"
Bank St and S Broadway,215,Broadway,"(39.28665871060, -76.59339068450)"
Bank St and S Bond St,216,Broadway,"(39.28645918480, -76.59535112640)"
Bank St and Caroline St,217,Broadway,"(39.28641388110, -76.59673401710)"
Eastern Ave and S Broadway,218,Broadway,"(39.28549189490, -76.59330974810)"
Eastern Ave and S Ann St,219,Broadway,"(39.28569245230, -76.59151263180)"
Fleet St and S Broadway,220,Broadway,"(39.28459579910, -76.59364457070)"
Fleet St and S Broadway St East,221,Broadway,"(39.28452889090, -76.59319535200)"
Fleet St and S Ann St,222,Broadway,"(39.28473813310, -76.59128541440)"
Fleet St and S Caroline St,223,Broadway,"(39.28432136910, -76.59661759830)"
Fleet St and S Eden St,224,Broadway,"(39.28431031570, -76.59812701200)"
S Broadway and Aliceanna St East,225,Broadway,"(39.28359482220, -76.59324549480)"
Aliceanna and Broadway West,226,Broadway,"(39.28344978230, -76.59344688780)"
Thames St and S Broadway,227,Broadway,"(39.28172800480, -76.59335997110)"
2708 Berea Rd rear,301,Cherry Hill,"(39.25068505010, -76.63328933870)"
1312 Shellbanks rear,302,Cherry Hill,"(39.25094163840, -76.63221055250)"
Berea Rd and Slater Rd,303,Cherry Hill,"(39.25034756420, -76.63310874470)"
2711 Berea Rd rear,304,Cherry Hill,"(39.25025913370, -76.63271505260)"
Shellbanks Rd and Blyden Rd,305,Cherry Hill,"(39.25040831030, -76.63185219660)"
1301 Slater Rd rear,306,Cherry Hill,"(39.24961893340, -76.63291479730)"
Bldg 1200 rear,307,Cherry Hill,"(39.25033714420, -76.63092945510)"
Fisk Rd and Slater Rd,308,Cherry Hill,"(39.24900069950, -76.63197522590)"
1201 Slater Rd rear,309,Cherry Hill,"(39.24872963620, -76.63219649670)"
Giles Rd and Shellbanks Rd,310,Cherry Hill,"(39.24968046020, -76.63028920090)"
2701 Giles Rd rear and Shellbanks,311,Cherry Hill,"(39.24940786460, -76.63003559990)"
Sethlow Rd and Slater Rd,312,Cherry Hill,"(39.24846758600, -76.63048074010)"
Spelman Rd and Woodview Rd,313,Cherry Hill,"(39.24863156600, -76.62920820450)"
Woodview Rd and Round Rd,314,Cherry Hill,"(39.24875179760, -76.62843877410)"
Community Center rear,315,Cherry Hill,"(39.24816113450, -76.62973577910)"
Community Center rear,316,Cherry Hill,"(39.24715454970, -76.63005299730)"
Spelman Rd and Claflin Ct,317,Cherry Hill,"(39.24708740100, -76.62883991180)"
2822 Round Rd,318,Cherry Hill,"(39.24636211690, -76.62771879120)"
Spelman Rd and S Denham Cir,319,Cherry Hill,"(39.24585606370, -76.62840564570)"
2810 Denham Cr side,320,Cherry Hill,"(39.24541740080, -76.62909950830)"
2822 Denham Cr rear,321,Cherry Hill,"(39.24448426460, -76.62877207640)"
2824 N Denham Cir,322,Cherry Hill,"(39.24460099270, -76.62853446710)"
2820 Spelman Rd,323,Cherry Hill,"(39.24480781400, -76.62796949290)"
Bridgeview Rd and Spelman Rd,324,Cherry Hill,"(39.24510366570, -76.62730547530)"
2917 S Denham Cir rear,325,Cherry Hill,"(39.24388700620, -76.62777877940)"
2901 Denham Cir side,326,Cherry Hill,"(39.24429742370, -76.62648269110)"
3301 Round Rd,327,Cherry Hill,"(39.24491150190, -76.62589991280)"
911 Coppin Court rear,328,Cherry Hill,"(39.24500187980, -76.62501087020)"
Coppin Ct and Bunche Rd,329,Cherry Hill,"(39.24529235940, -76.62428066930)"
Bethune Rd and Bunche Rd,330,Cherry Hill,"(39.24500579660, -76.62382619360)"
3411 Round Rd rear,331,Cherry Hill,"(39.24412615930, -76.62378531810)"
3401 Round Rd,332,Cherry Hill,"(39.24394759020, -76.62458218430)"
Bethune Rd and Spelman Rd,333,Cherry Hill,"(39.24356590480, -76.62612456550)"
1019 Bethune Rd rear,334,Cherry Hill,"(39.24270263500, -76.62678118350)"
3430 Spelman Rd,335,Cherry Hill,"(39.24285284130, -76.62562666090)"
3456 Spelman Rd,336,Cherry Hill,"(39.24264985290, -76.62525191250)"
3446 Spelman Rd Parking Lot,337,Cherry Hill,"(39.24220054530, -76.62547986340)"
Spellman Rd LLC 7076,338,Cherry Hill,"(39.24253869960, -76.62401524250)"
3486 Spelman Rd,339,Cherry Hill,"(39.24202944860, -76.62399381680)"
Seagull Ave UMBC rear,340,Cherry Hill,"(39.24293428550, -76.62233988320)"
Seagull Ave LLC 7076,341,Cherry Hill,"(39.24331565340, -76.62283309410)"
835 Seagull Ave rear,342,Cherry Hill,"(39.24449807700, -76.62082352550)"
835 Seagull Ave,343,Cherry Hill,"(39.24478885560, -76.62119774310)"
Seagull Ave and Bethune Rd,344,Cherry Hill,"(39.24519483910, -76.62086020150)"
Carver Rd School,345,Cherry Hill,"(39.24633920860, -76.62473301030)"
Carver Rd and Bridgeview Rd,346,Cherry Hill,"(39.24681826330, -76.62536772690)"
2805 Carver Rd rear,347,Cherry Hill,"(39.24778206100, -76.62564390760)"
2627 Carver Rd,348,Cherry Hill,"(39.24779545530, -76.62624283930)"
2609 Carver Rd,349,Cherry Hill,"(39.24859825850, -76.62583055420)"
2615 Carver Rd circle,350,Cherry Hill,"(39.24842897090, -76.62539570880)"
Carver Rd Rec Center,351,Cherry Hill,"(39.24612072930, -76.62358445460)"
Maint Backyard 1,352,Cherry Hill,"(39.24825187870, -76.63086224860)"
Maint Backyard 2,353,Cherry Hill,"(39.24799730430, -76.63062262610)"
Community Center rear,354,Cherry Hill,"(39.24848131400, -76.62971051730)"
Maint Garage Doors,355,Cherry Hill,"(39.24797124120, -76.63103890700)"
Community Center 2 rear,356,Cherry Hill,"(39.24863116180, -76.62966082030)"
Eastern Ave and S Macon St,401,Greektown,"(39.28704732590, -76.55724033740)"
Eastern Ave and Oldham St,402,Greektown,"(39.28710745510, -76.55568342040)"
Eastern Ave and S Lehigh St,403,Greektown,"(39.28702672840, -76.55818191620)"
Eastern Ave and S Newkirk St,404,Greektown,"(39.28697026020, -76.55647109110)"
Eastern Ave and S Ponca St,405,Greektown,"(39.28721365290, -76.55481823710)"
Guilford Ave and E 28th St,501,Greenmount,"(39.32211547610, -76.61318987090)"
Greenmount Ave and E 28th St,502,Greenmount,"(39.32215949080, -76.60940427740)"
Greenmount Ave and E 27th St,503,Greenmount,"(39.32095520940, -76.60943882230)"
Barclay St and E 27th St,504,Greenmount,"(39.32093932550, -76.61116741830)"
Barclay St and Whitridge Ave,505,Greenmount,"(39.32156524710, -76.61116302120)"
Greenmount Ave and E Lorraine Ave,506,Greenmount,"(39.32000774150, -76.60942561560)"
Guilford Ave and E 26th St,507,Greenmount,"(39.31946489120, -76.61300432920)"
Falls St Alley and E 25th St,508,Greenmount,"(39.31808636200, -76.61212030530)"
Greenmount Ave and E 25th St,509,Greenmount,"(39.31818338350, -76.60954962850)"
Boone St and E 24th St,510,Greenmount,"(39.31669461890, -76.60863918000)"
Cokesbury Ave and E 23rd St,511,Greenmount,"(39.31602958710, -76.60740086300)"
Brentwood Ave and E 24th St,512,Greenmount,"(39.31623750460, -76.61041511720)"
Greenmount Ave and E 23rd St,513,Greenmount,"(39.31549915900, -76.60955040510)"
Guilford Ave and E 23rd St,514,Greenmount,"(39.31538923590, -76.61276497700)"
E 23rd St and Boone St,515,Greenmount,"(39.31542201530, -76.60816594320)"
Greenmount Ave and E 22nd St,516,Greenmount,"(39.31445622460, -76.60955294570)"
HomewoodAve and E 22nd St,517,Greenmount,"(39.31465580710, -76.60723588450)"
Barclay St and 21st 1/2 St,518,Greenmount,"(39.31398755620, -76.61116357830)"
Guilford Ave and E 21st St,519,Greenmount,"(39.31343593100, -76.61251299590)"
Boone St and E 21st St,520,Greenmount,"(39.31360405450, -76.60835076300)"
Greenmount Ave and Worsley St,521,Greenmount,"(39.31278725070, -76.60953759310)"
Barclay St and E 20th St,522,Greenmount,"(39.31240530510, -76.61094711790)"
Barclay St and Heaver St,523,Greenmount,"(39.31199865270, -76.61102410680)"
Greenmount Ave and E North Ave,524,Greenmount,"(39.31125974420, -76.60958521470)"
E North Ave and Guilford Ave,525,Greenmount,"(39.31138188670, -76.61171395400)"
N Calvert St and McAllister St,526,Greenmount,"(39.31066042450, -76.61379000670)"
Guilford Ave and E Lafayette Ave,527,Greenmount,"(39.30992442150, -76.61228067920)"
Barclay St and E Lafayette Ave,528,Greenmount,"(39.30997185030, -76.61080524560)"
Barclay St and Pitman Pl,529,Greenmount,"(39.30844644820, -76.61080147540)"
Greenmount Ave and E Preston St,530,Greenmount,"(39.30475528950, -76.60808631570)"
Greenmount Ave and E Biddle St,531,Greenmount,"(39.30370463450, -76.60794315970)"
Greenmount Ave and E Chase St,532,Greenmount,"(39.30264651390, -76.60765361820)"
Greenmount Ave and E Eager St,533,Greenmount,"(39.30140304260, -76.60731927320)"
Greenmount Ave and E 29th St,534,Greenmount,"(39.32336636420, -76.60949698220)"
Greenmount Ave and E 30th St,535,Greenmount,"(39.32469620340, -76.60947672120)"
Greenmount Ave and E 31st St,536,Greenmount,"(39.32600367350, -76.60946704140)"
Greenmount Ave and E 32nd St,537,Greenmount,"(39.32713972090, -76.60951737070)"
Greenmount Ave and E 33rd St,538,Greenmount,"(39.32831194920, -76.60932930230)"
E Monument St and N Chester St,601,Monument,"(39.29859534320, -76.58787586260)"
McElderry St and N Duncan St,602,Monument,"(39.29757567150, -76.58717451410)"
E Monument St and Collington,603,Monument,"(39.29873588910, -76.58662781390)"
E Madison St and N Mederia St,604,Monument,"(39.29971483720, -76.58597483490)"
E Monument St and N Patterson Park Ave,605,Monument,"(39.29870195280, -76.58502180560)"
McElderry St and N Bradford St,606,Monument,"(39.29768060380, -76.58434675700)"
E Monument St and N Montford Ave,607,Monument,"(39.29883476060, -76.58362953270)"
E Madison St and N Port,608,Monument,"(39.29982142160, -76.58308613360)"
E Monument St and N Milton Ave,609,Monument,"(39.29888237990, -76.58221189930)"
McElderry St and N Rose St,610,Monument,"(39.29779450300, -76.58146777230)"
E Monument St and N Luzerne Ave,611,Monument,"(39.29893747850, -76.58081382480)"
E Madison St and N Glover St,612,Monument,"(39.30000919950, -76.58020987470)"
E Monument St and N Lakewood Ave,613,Monument,"(39.29893273920, -76.57936554520)"
McElderry St and N Belnord Ave,614,Monument,"(39.29790259140, -76.57865180390)"
E Monument St and N Kenwood Ave,615,Monument,"(39.29898113600, -76.57813871650)"
E Madison St and N Streeper St,616,Monument,"(39.30011462280, -76.57737396740)"
McElderry St and N Linwood Ave,617,Monument,"(39.29791293720, -76.57650731850)"
E Monument St and N Curley St,618,Monument,"(39.29906504350, -76.57598269550)"
McElderry St and N Potomac St,619,Monument,"(39.29804109500, -76.57508608940)"
E Monument St and Decker,620,Monument,"(39.29912702700, -76.57445320130)"
E Madison St and N Ellwood Ave,621,Monument,"(39.30026084680, -76.57383162640)"
E Monument St and N Robinson St,622,Monument,"(39.29917961210, -76.57314723180)"
E Madison St and N Curley St,623,Monument,"(39.30011095580, -76.57595415990)"
McElderry St and N Robinson St,624,Monument,"(39.29806266220, -76.57304923240)"
Milton St and E Biddle St,625,Monument,"(39.30463549930, -76.58273330870)"
Montford St and Ashland Ave,626,Monument,"(39.30098331400, -76.58392228770)"
N Collington St and E Jefferson St,627,Monument,"(39.29660888670, -76.58641829390)"
E Jefferson St and N Glover St,628,Monument,"(39.29686486750, -76.57995692050)"
Thomas Ave and Presbury St,701,North Ave West,"(39.30750567360, -76.65801746210)"
Thomas Ave and Westwood Ave,702,North Ave West,"(39.30838656900, -76.65807925660)"
W North Ave and Thomas Ave,703,North Ave West,"(39.30935002570, -76.65807110100)"
N Warwick Ave and Westwood Ave,704,North Ave West,"(39.30841333530, -76.65716528010)"
Moreland Ave and Westwood Ave,705,North Ave West,"(39.30854101200, -76.65596884210)"
W North Ave and Moreland Ave,706,North Ave West,"(39.30943363410, -76.65586662710)"
N Bentalou St and Westwood Ave,707,North Ave West,"(39.30861338180, -76.65396054710)"
N Smallwood St and Westwood Ave,708,North Ave West,"(39.30857434030, -76.65268965210)"
W North Ave and N Smallwood St,709,North Ave West,"(39.30967306690, -76.65281599770)"
N Smallwood St and Ridgehill Ave,710,North Ave West,"(39.31121339930, -76.65274884810)"
N Pulaski St and Westwood Ave,711,North Ave West,"(39.30871486770, -76.65117906340)"
W North Ave and N Pulaski St,712,North Ave West,"(39.30958472750, -76.65136934470)"
N Pulaski St and Herbert St,713,North Ave West,"(39.31028594480, -76.65130204820)"
N Pulaski St and Walbrook Ave,714,North Ave West,"(39.31078013230, -76.65144566170)"
W North Ave and N Payson St,715,North Ave West,"(39.30977054500, -76.65000698130)"
N Payson St and Herbert St,716,North Ave West,"(39.31029904830, -76.64989893780)"
N Payson St and Walbrook Ave,717,North Ave West,"(39.31078493860, -76.64990968160)"
N Payson St and Ridgehill Ave,718,North Ave West,"(39.31137591400, -76.64996288020)"
Appleton St and Westwood Ave,719,North Ave West,"(39.30879587490, -76.64891015270)"
N Monroe St and Westwood Ave,720,North Ave West,"(39.30882677610, -76.64801409820)"
W North Ave and N Monroe St,721,North Ave West,"(39.30986852400, -76.64808544940)"
N Monroe St and Walbrook Ave,722,North Ave West,"(39.31082543840, -76.64818102120)"
N Fulton Ave and Westwood Ave,723,North Ave West,"(39.30890985590, -76.64626496370)"
W North Ave and N Fulton Ave,724,North Ave West,"(39.30996811390, -76.64627179550)"
N Fulton Ave and Walbrook Ave,725,North Ave West,"(39.31087453560, -76.64659396520)"
N Mount St and Westwood Ave,726,North Ave West,"(39.30894192740, -76.64500825270)"
W North Ave and N Carey St,727,North Ave West,"(39.31006956730, -76.64373527300)"
W North Ave and Pennsylvania Ave,728,North Ave West,"(39.30999731840, -76.64248637760)"
Cumberland St and N Calhoun St,729,North Ave West,"(39.30791713720, -76.64337218030)"
Cumberland St and Pennsylvania Ave,730,North Ave West,"(39.30926537820, -76.64164009230)"
W North Ave and Division St,731,North Ave West,"(39.31021384830, -76.64031818310)"
Whitelock St and Woodbrook Ave,732,North Ave West,"(39.31052101730, -76.64123446240)"
Etting St and Whitelock St,733,North Ave West,"(39.31083981370, -76.64062733510)"
Whitelock St and Francis St,734,North Ave West,"(39.31116766080, -76.64018860030)"
Druid Hill Ave and Whitelock St,735,North Ave West,"(39.31158024690, -76.63950024130)"
W North and Bentalou St,737,North Ave West,"(39.30948614400, -76.65401046020)"
W North Ave and McCulloh St,742,North Ave West,"(39.31023711440, -76.63700789380)"
Reisterstown Rd and Keyworth Ave,801,Park Heights,"(39.33264553560, -76.66301398680)"
Reisterstown Rd and Shirley Ave,802,Park Heights,"(39.33392239940, -76.66401987720)"
Towonda Ave and Oswego Ave,803,Park Heights,"(39.33450336020, -76.66599794880)"
Reisterstown Rd and Grantley Ave,804,Park Heights,"(39.33750336510, -76.66691165790)"
Boarman Ave and Willowdale Ave,805,Park Heights,"(39.33722495410, -76.66948089650)"
Park Heights Ave and W Garrison Ave,806,Park Heights,"(39.34739414970, -76.67356426090)"
Reisterstown Rd and Laporte St,807,Park Heights,"(39.33940142420, -76.66845993150)"
Reisterstown Rd and St Ambrose Ave,808,Park Heights,"(39.34030540850, -76.67146975350)"
W Belvedere Ave and Litchfield Ave,809,Park Heights,"(39.34629786810, -76.68033076920)"
Park Heights Ave and Woodland,810,Park Heights,"(39.34520126610, -76.67119770500)"
W Garrison Ave and Denmore Ave,811,Park Heights,"(39.34665421890, -76.67470083250)"
W Garrison Ave and Palmer Ave,812,Park Heights,"(39.34805997550, -76.67233595340)"
Pimlico Rd and Sumter Ave,813,Park Heights,"(39.34234394620, -76.66673364490)"
Pimlico Rd and W Cold Spring Ln,814,Park Heights,"(39.34024080900, -76.66512459750)"
Quantico Ave and Pimlico Rd,815,Park Heights,"(39.33737052720, -76.66296409500)"
Pimlico Rd and Loyola Northway,816,Park Heights,"(39.33852736510, -76.66357002710)"
Pimlico Rd and Rosewood Ave,817,Park Heights,"(39.33900107890, -76.66396450250)"
Winner Ave and Avondale Ave,818,Park Heights,"(39.35292853230, -76.67777653790)"
Park Heights Ave and Hayward Ave,819,Park Heights,"(39.34995929920, -76.67887152630)"
Park Heights Ave and Rogers,820,Park Heights,"(39.35186411430, -76.68335574040)"
Park Heights Ave and Manhattan Ave,821,Park Heights,"(39.35298412380, -76.68522150080)"
Park Heights Ave and Glen Ave,822,Park Heights,"(39.35572997010, -76.68797792550)"
Park Heights Ave and Taney,823,Park Heights,"(39.35736421660, -76.69123430780)"
Park Heights Ave and W Strathmore Ave,836,Park Heights,"(39.35895981790, -76.69432179420)"
Park Heights Ave and Fords Ln,825,Park Heights,"(39.36017953450, -76.69665595180)"
Park Heights Ave and Clarks Ln,826,Park Heights,"(39.36226024000, -76.69979015140)"
Park Heights Ave and Fallstaff Rd,827,Park Heights,"(39.36490878730, -76.70281882300)"
Park Heights Ave and W Belvedere Ave,828,Park Heights,"(39.34887778480, -76.67582557690)"
Park Heights Ave and Virginia Ave,829,Park Heights,"(39.34414962200, -76.67045860870)"
Park Heights Ave and Wylie Ave,830,Park Heights,"(39.34106064970, -76.66755385390)"
Park Heights Ave and Oswego Ave,831,Park Heights,"(39.33566209410, -76.66335079100)"
Park Heights Ave and Trainor Ave JCC,832,Park Heights,"(39.35383936990, -76.68633011980)"
Park Heights Ave and Trainor Ave,833,Park Heights,"(39.35478829810, -76.68715498640)"
Park Heights Ave and Menlo Dr,834,Park Heights,"(39.35646280610, -76.68964571830)"
Park Heights Ave and Pinkney Rd,835,Park Heights,"(39.35805316530, -76.69261265780)"
Park Heights Ave and W Strathmore Ave,824,Park Heights,"(39.35872629240, -76.69394349580)"
Park Heights Ave and Bancroft Rd,837,Park Heights,"(39.36087939860, -76.69788304860)"
Park Heights Ave and NBancroft Rd,838,Park Heights,"(39.36169998860, -76.69889457460)"
3500 Northern Pkwy E&T,839,Park Heights,"(39.35396856070, -76.68263390190)"
1605 Bruce Ct,2104,Gilmor,"(39.30677864070, -76.64533793450)"
Park Heights Ave and Oakford Ave,840,Park Heights,"(39.34033329480, -76.66676963550)"
W North Ave and Bloomingdale Rd,901,Southwest District,"(39.30882765580, -76.67105857730)"
W North Ave and N Rosedale St,902,Southwest District,"(39.30894216530, -76.66922235540)"
W North Ave and N Longwood St,903,Southwest District,"(39.30900054090, -76.66760576180)"
W North Ave and Poplar Grove St,904,Southwest District,"(39.30906609160, -76.66584528610)"
W North Ave and N Dukeland St,905,Southwest District,"(39.30926020590, -76.66391125750)"
W North Ave and Braddish Ave,906,Southwest District,"(39.30936132410, -76.66124937620)"
Westwood Ave Dead End,907,Southwest District,"(39.30820233150, -76.66501012520)"
N Rosedale St and Grayson St,908,Southwest District,"(39.30645063650, -76.66906168550)"
Poplar Grove St and Presbury St,909,Southwest District,"(39.30716829310, -76.66559995100)"
Baker St and N Dukeland St,910,Southwest District,"(39.30604874650, -76.66392015530)"
Bloomingdale Rd and Brighton St,911,Southwest District,"(39.30525966830, -76.66726904230)"
Poplar Grove St and Pressman St,912,Southwest District,"(39.30463993740, -76.66553934510)"
Bloomingdale Rd and Belmont Ave,913,Southwest District,"(39.30351168760, -76.66619124300)"
N Rosedale St and Normount Ct,914,Southwest District,"(39.30254687620, -76.66902846560)"
Winchester St and N Longwood St,915,Southwest District,"(39.30128205230, -76.66732776260)"
Bloomingdale Rd and Ellicott Driveway,916,Southwest District,"(39.30214542530, -76.66539641460)"
Ellicott Driveway and N Dukeland St,917,Southwest District,"(39.30247050170, -76.66356520780)"
Poplar Grove St and Riggs Ave,918,Southwest District,"(39.30020225150, -76.66518760740)"
Mosher St and N Dukeland St,919,Southwest District,"(39.29922299200, -76.66343004250)"
Poplar Grove St and W Lafayette Ave,920,Southwest District,"(39.29799007050, -76.66515121290)"
N Franklintown Rd and N Longwood St,921,Southwest District,"(39.29708799630, -76.66685263100)"
Poplar Grove St and Rayner Ave,922,Southwest District,"(39.29620494720, -76.66505867680)"
Poplar Grove St and Edmonson Ave,923,Southwest District,"(39.29448132160, -76.66479658820)"
Edmonson Ave and Braddish Ave,924,Southwest District,"(39.29468034920, -76.65928220980)"
Edmonson Ave and N Warwick Ave,925,Southwest District,"(39.29478927000, -76.65621329640)"
Edmonson Ave and Denison St,926,Southwest District,"(39.29415224360, -76.67407378130)"
Edmonson Ave and Swan Ave,927,Southwest District,"(39.29323830970, -76.69360849420)"
Edmonson Ave and N Loudon Ave,928,Southwest District,"(39.29367628990, -76.68267719640)"
Edmonson Ave and Allendale St,929,Southwest District,"(39.29399915470, -76.67827591520)"
N Rosedale St and Brighton St,930,Southwest District,"(39.30510700130, -76.66903935730)"
Riggs Ave and Dukeland St,931,Southwest District,"(39.30034854630, -76.66341332670)"
Riggs Ave and Braddish Ave,932,Southwest District,"(39.30041569830, -76.66075195350)"
W Pratt St and S Stricker St,1001,Tri-District,"(39.28539477780, -76.64085792250)"
McHenry St and Stricker St,1002,Tri-District,"(39.28449166740, -76.64064779320)"
S Stricker St and Ramsay St,1003,Tri-District,"(39.28327715420, -76.64071669750)"
S Parrish St and McHenry St,1004,Tri-District,"(39.28438110980, -76.64148726000)"
S Parrish St and Ramsay St,1005,Tri-District,"(39.28327877910, -76.64138848910)"
McHenry St and S Gilmor St,1006,Tri-District,"(39.28444510230, -76.64206805370)"
S Gilmor St and Ramsay St,1007,Tri-District,"(39.28323384920, -76.64213185160)"
W Pratt St and S Mount St,1008,Tri-District,"(39.28534544320, -76.64364701360)"
McHenry St and S Mount St,1009,Tri-District,"(39.28439702250, -76.64348151930)"
S Mount St and Ramsay St,1010,Tri-District,"(39.28320994960, -76.64342851930)"
W Pratt St and S Fulton Ave,1011,Tri-District,"(39.28519484670, -76.64495155390)"
S Fulton St and McHenry St,1012,Tri-District,"(39.28434337060, -76.64488446460)"
Wilhelm St and S Fulton Ave,1013,Tri-District,"(39.28374911570, -76.64489432240)"
Ramsay St and S Fulton Ave,1014,Tri-District,"(39.28314086750, -76.64484244230)"
McHenry St and S Addison St,1015,Tri-District,"(39.28431359460, -76.64581804900)"
W Pratt St and S Monroe St,1016,Tri-District,"(39.28512072760, -76.64668716710)"
S Monroe St and Wilhelm St,1017,Tri-District,"(39.28363674440, -76.64672108340)"
S Monroe St and Ramsay St,1018,Tri-District,"(39.28308985110, -76.64656328580)"
S Payson St and McHenry St,1019,Tri-District,"(39.28423883930, -76.64847873860)"
S Payson St and Ramsay St,1020,Tri-District,"(39.28312228630, -76.64842825960)"
S Payson St and Ashton St,1021,Tri-District,"(39.28278926360, -76.64832181040)"
S Pulaski St and McHenry,1022,Tri-District,"(39.28417917960, -76.64989045050)"
S Pulaski St and Wilhelm St,1023,Tri-District,"(39.28355516040, -76.64975673400)"
S Pulaski St and Ramsay St,1024,Tri-District,"(39.28297168380, -76.64969071960)"
S Pulaski St and Ashton St,1025,Tri-District,"(39.28239286220, -76.64978531990)"
S Smallwood St and Ramsay St,1026,Tri-District,"(39.28297548740, -76.65111117650)"
Smallwood and Ashton,1027,Tri-District,"(39.28187885000, -76.65107192030)"
W Pratt St and S Carey St,1028,Tri-District,"(39.28561007200, -76.63787874410)"
Lombard and Carrolton,1029,Tri-District,"(39.28651718350, -76.63667844710)"
Pennsylvania Ave and Baker St,1101,Pennsylvania Ave,"(39.30820355390, -76.64041788830)"
N Carey St and Baker St,1102,Pennsylvania Ave,"(39.30766800190, -76.64126648060)"
Pennsylvania Ave and Gold St,1103,Pennsylvania Ave,"(39.30748456120, -76.63951433580)"
Pennsylvania Ave and Bloom St,1104,Pennsylvania Ave,"(39.30677590870, -76.63852155960)"
N Fremont Ave and Presstman St,1105,Pennsylvania Ave,"(39.30563386370, -76.63798631990)"
Pennsylvania Ave and Presstman St,1106,Pennsylvania Ave,"(39.30586734440, -76.63741004970)"
Division St and Presstman St,1107,Pennsylvania Ave,"(39.30674394400, -76.63645810410)"
Division St and Robert St,1108,Pennsylvania Ave,"(39.30583226840, -76.63548961830)"
Pennsylvania Ave and Robert St,1109,Pennsylvania Ave,"(39.30509273730, -76.63659827810)"
N Fremont Ave and Robert St,1110,Pennsylvania Ave,"(39.30451239570, -76.63745313390)"
Division St and Laurens St,1111,Pennsylvania Ave,"(39.30509689360, -76.63441015820)"
Pennsylvania Ave and Wilson St,1112,Pennsylvania Ave,"(39.30349466440, -76.63462514950)"
Division St and Islamic Way,1113,Pennsylvania Ave,"(39.30434663840, -76.63344030080)"
Pennsylvania Ave and Pitcher St,1114,Pennsylvania Ave,"(39.30294357760, -76.63428103750)"
N Fremont Ave and Pitcher St,1115,Pennsylvania Ave,"(39.30176842830, -76.63587252120)"
Mosher St and Argyle St,1116,Pennsylvania Ave,"(39.30126291780, -76.63352647170)"
Pennsylvania Ave and Mosher St,1118,Pennsylvania Ave,"(39.30186944210, -76.63263260090)"
E North Ave and Aisquith,1201,North Ave East,"(39.31182727360, -76.60270089890)"
E North Ave and Harford,1202,North Ave East,"(39.31200298350, -76.59948531480)"
E North Ave and Broadway,1203,North Ave East,"(39.31223759750, -76.59514481060)"
E North Ave and Wolfe,1204,North Ave East,"(39.31232164490, -76.59182585310)"
E North Ave and Washington,1205,North Ave East,"(39.31238666840, -76.59033186430)"
E North Ave and Chester,1206,North Ave East,"(39.31246612820, -76.58862334360)"
E North Ave and Collington,1207,North Ave East,"(39.31252063500, -76.58743196340)"
E North Ave and Belair,1208,North Ave East,"(39.31270488860, -76.58403541410)"
E North Ave and Port,1209,North Ave East,"(39.31253708100, -76.58389327860)"
E North Ave and Milton,1210,North Ave East,"(39.31270326620, -76.58312140320)"
Harford and 20th,1301,Harford Rd,"(39.31303541470, -76.59910760000)"
Harford and Broadway,1302,Harford Rd,"(39.31419945170, -76.59812231140)"
Harford and Darley,1303,Harford Rd,"(39.31509134600, -76.59713578550)"
Harford and Cliftview,1304,Harford Rd,"(39.31579840110, -76.59639029370)"
Harford and 25th,1305,Harford Rd,"(39.31659644250, -76.59569989610)"
Harford Harbor City School,1306,Harford Rd,"(39.31783800660, -76.59397401190)"
Harford and Montpelier,1307,Harford Rd,"(39.31867949900, -76.59335915000)"
Harford and Homestead,1308,Harford Rd,"(39.31924307620, -76.59281564440)"
Harford and Abbotston,1309,Harford Rd,"(39.32078906530, -76.59121785980)"
Harford and Alameda,1310,Harford Rd,"(39.32120364830, -76.59051120010)"
Harford and Tivoly,1311,Harford Rd,"(39.32177310990, -76.58992675470)"
Harford and Fenwick,1312,Harford Rd,"(39.32219412300, -76.58933978810)"
Harford and Hugo,1313,Harford Rd,"(39.32301442750, -76.58868605210)"
Belair and Ravenwood,1401,Belair Rd,"(39.31520803250, -76.58112109840)"
Belair and Elmora,1402,Belair Rd,"(39.31590532390, -76.58030765120)"
Belair and Lyndale,1403,Belair Rd,"(39.31643948320, -76.57970001860)"
Belair and Elmley,1404,Belair Rd,"(39.31702304600, -76.57904566450)"
Belair across from shopping center,1405,Belair Rd,"(39.31831797260, -76.57753809580)"
Belair and Cliftmont,1406,Belair Rd,"(39.31960186970, -76.57593071700)"
Belair and Mareco,1407,Belair Rd,"(39.32061069110, -76.57473189820)"
Belair and Clifton Park Terrace,1408,Belair Rd,"(39.32091662030, -76.57458894390)"
Belair and Erdman,1409,Belair Rd,"(39.32168711190, -76.57377426390)"
Belair and Sheldon,1410,Belair Rd,"(39.32876468750, -76.56481553770)"
Rusty Scupper,1901,Inner Harbor,"(39.28191598800, -76.60771839610)"
Rash Field,1902,Inner Harbor,"(39.28185643810, -76.60930110010)"
Carousel,1903,Inner Harbor,"(39.28183845530, -76.60997131620)"
Science Center,1904,Inner Harbor,"(39.28200188200, -76.61162019990)"
Spirit Of Baltimore,1905,Inner Harbor,"(39.28576665960, -76.61080580250)"
Visitor Center,1906,Inner Harbor,"(39.28426680870, -76.61248541690)"
Light Street Food Hall,1907,Inner Harbor,"(39.28539100480, -76.61190672540)"
Constellation,1908,Inner Harbor,"(39.28591038090, -76.61129474250)"
Constellation Pier,1909,Inner Harbor,"(39.28525033440, -76.61080882680)"
Trade Center,1910,Inner Harbor,"(39.28595124830, -76.61014688620)"
Pier 5 Hotel,1911,Inner Harbor,"(39.28377918090, -76.60601268080)"
Pier 5 Lighthouse,1912,Inner Harbor,"(39.28340030590, -76.60535759440)"
Pier 6 Pavillion,1913,Inner Harbor,"(39.28375093590, -76.60461439180)"
Charles and Conway,1920,Federal Reserve,"(39.28418169670, -76.61459894760)"
Sharp and Conway,1921,Federal Reserve,"(39.28407276160, -76.61750986830)"
182 Hamburg St,1922,Federal Reserve,"(39.27835892410, -76.61858836960)"
Pratt and Sharp,1923,Federal Reserve,"(39.28625956700, -76.61763117910)"
Pratt and Light,1924,Federal Reserve,"(39.28647647600, -76.61335988220)"
NE Market Food Ct,1941,Northeast Market,"(39.29817941330, -76.58752289630)"
NE Market North,1942,Northeast Market,"(39.29852696340, -76.58754296000)"
NE Market South,1943,Northeast Market,"(39.29771599380, -76.58749062390)"
NE Market Middle,1944,Northeast Market,"(39.29809361120, -76.58752155480)"
McElderry & Chester,1945,Northeast Market,"(39.29760346270, -76.58785734210)"
Avenue Market Front,1961,Avenue Market,"(39.30390517200, -76.63549451160)"
Avenue Market Middle,1962,Avenue Market,"(39.30369622120, -76.63566767540)"
Avenue Market Back,1963,Avenue Market,"(39.30351988360, -76.63575201860)"
Pennsylvania and Laurens,1964,Avenue Market,"(39.30422547150, -76.63556094490)"
Fremont and Laurens,1965,Avenue Market,"(39.30352764120, -76.63675272460)"
Avenue Market Parking Lot,1966,Avenue Market,"(39.30338196960, -76.63515570610)"
Southwest Corner,1980,Hollins Market,"(39.28740738320, -76.63653263500)"
Northwest Corner,1981,Hollins Market,"(39.28755852720, -76.63654719490)"
Aisle Cam 1,1982,Hollins Market,"(39.28749742600, -76.63631801500)"
Aisle Cam 2,1983,Hollins Market,"(39.28751623100, -76.63592597410)"
Aisle Cam 3,1984,Hollins Market,"(39.28753100180, -76.63561675890)"
Hollins St and Carrollton,1985,Hollins Market,"(39.28759471060, -76.63664059930)"
Boyd St Side Entrance,1986,Hollins Market,"(39.28732397480, -76.63622977130)"
Arlington Ave East Entrance,1987,Hollins Market,"(39.28743183250, -76.63513632410)"
553 Dolphin St,2001,McCulloh,"(39.29971746910, -76.62875726290)"
569 Dolphin St,2002,McCulloh,"(39.29946534790, -76.62822201610)"
520 Hoffman St,2003,McCulloh,"(39.29955702460, -76.62781417030)"
517 Dolphin St,2004,McCulloh,"(39.30018241560, -76.62819256300)"
534 Preston St,2005,McCulloh,"(39.29943768480, -76.62700708690)"
503 Dolphin St,2006,McCulloh,"(39.30042506840, -76.62772105040)"
535 Hoffman St,2007,McCulloh,"(39.29901869000, -76.62793449240)"
570 Preston St,2008,McCulloh,"(39.29855568400, -76.62729731060)"
556 Preston St,2009,McCulloh,"(39.29887769770, -76.62691710360)"
516 Preston St,2010,McCulloh,"(39.29906629480, -76.62649472050)"
514 Preston St,2011,McCulloh,"(39.29935255410, -76.62657917610)"
1020 Druid Hill Rd,2012,McCulloh,"(39.29993038720, -76.62648136500)"
1135 Tiffany Ct,2013,McCulloh,"(39.30201672910, -76.62596139770)"
1101 Tiffany Ct,2014,McCulloh,"(39.30158314750, -76.62542580260)"
1035 Tiffany Ct,2015,McCulloh,"(39.30076933520, -76.62539009060)"
1001 Tiffany Ct,2016,McCulloh,"(39.30079172200, -76.62444538520)"
440 Oxford Ct,2017,McCulloh,"(39.30054038410, -76.62510640120)"
443 Manse Ct,2018,McCulloh,"(39.30137442660, -76.62649744580)"
1134 Stoddard Ct,2019,McCulloh,"(39.30111772300, -76.62715548870)"
1100 Stoddard Ct,2020,McCulloh,"(39.30068669950, -76.62662218350)"
1034 Stoddard Ct,2021,McCulloh,"(39.30032742730, -76.62617053420)"
1000 Stoddard Ct,2022,McCulloh,"(39.29989301590, -76.62564498150)"
442 Walton Ct,2023,McCulloh,"(39.29996656670, -76.62476179280)"
900 Stoddard Ct,2024,McCulloh,"(39.29892879420, -76.62443764890)"
1638 Bruce Ct rear,2101,Gilmor,"(39.30784092140, -76.64570515900)"
1638 Bruce Ct,2102,Gilmor,"(39.30727248720, -76.64558293500)"
1600 Bruce Ct rear,2103,Gilmor,"(39.30676881910, -76.64564218830)"
1601 Bakbury Ct,2105,Gilmor,"(39.30679078530, -76.64502373700)"
1679 Bakbury Ct,2106,Gilmor,"(39.30786138970, -76.64510475580)"
1678 Mountmor Ct,2107,Gilmor,"(39.30787474110, -76.64467306890)"
1600 Mountmor Ct,2108,Gilmor,"(39.30680359630, -76.64469650310)"
1600 Vincent Ct,2109,Gilmor,"(39.30681292220, -76.64428781590)"
1606 Vincent Ct,2110,Gilmor,"(39.30744839210, -76.64444091330)"
1679 Vincent Ct,2111,Gilmor,"(39.30789619740, -76.64414262190)"
1641 Vincent Ct,2112,Gilmor,"(39.30738830470, -76.64412068340)"
1600 Spray Ct,2113,Gilmor,"(39.30617032630, -76.64466271590)"
1605-2 Spray Ct,2114,Gilmor,"(39.30578274710, -76.64449805740)"
1601-8 Spray Ct,2115,Gilmor,"(39.30590590110, -76.64408144060)"
1500 Pressman Ct,2116,Gilmor,"(39.30545619610, -76.64388999530)"
1519 Presser Ct,2117,Gilmor,"(39.30573141680, -76.64355199570)"
Prestman St and Gilmor St,2118,Gilmor,"(39.30529054950, -76.64343203430)"
1638 Balmor Ct,2119,Gilmor,"(39.30519509710, -76.64407590270)"
1458 Mountmor Ct,2120,Gilmor,"(39.30524940640, -76.64460995160)"
1428 Mountmor Ct,2121,Gilmor,"(39.30481063840, -76.64449516620)"
1629 Balmor Ct rear,2122,Gilmor,"(39.30495961040, -76.64390738720)"
1401 Mountmor Ct,2123,Gilmor,"(39.30443214350, -76.64425697080)"
1639 Booker Ct,2124,Gilmor,"(39.30447564950, -76.64403328660)"
1601 Booker Ct,2125,Gilmor,"(39.30457264090, -76.64339196050)"
1629 Lorman Ct,2126,Gilmor,"(39.30400652530, -76.64385348330)"
1631 Lorman Ct,2127,Gilmor,"(39.30406276190, -76.64420097150)"
1649 Lorman Ct,2128,Gilmor,"(39.30405366280, -76.64454545060)"
1658 Delano Ct,2129,Gilmor,"(39.30374268080, -76.64453280480)"
1628 Delano Ct,2130,Gilmor,"(39.30376301530, -76.64383779440)"
1600 Delano Ct,2131,Gilmor,"(39.30377498920, -76.64334825880)"
1521 Mountmor Ct,2132,Gilmor,"(39.30636666810, -76.64436712740)"
800 Abbott Ct,2201,Latrobe,"(39.30120560540, -76.60614234320)"
856 Abbott Ct,2202,Latrobe,"(39.30132719830, -76.60499837990)"
818 Webb Ct,2203,Latrobe,"(39.30078163010, -76.60565152180)"
800 McAleer Ct,2204,Latrobe,"(39.30028906700, -76.60593835980)"
834 McAleer Ct,2205,Latrobe,"(39.30029406840, -76.60530056690)"
864 McAleer Ct,2206,Latrobe,"(39.30004471290, -76.60475874230)"
831 McAleer Ct,2207,Latrobe,"(39.30002882070, -76.60522404910)"
859 Homewood Ave,2208,Latrobe,"(39.29993428030, -76.60586286610)"
820 Hillman Ct,2209,Latrobe,"(39.29938366980, -76.60568298740)"
819 Hillman Ct,2210,Latrobe,"(39.29934454360, -76.60605316780)"
819 Homewood Ave,2211,Latrobe,"(39.30127236560, -76.60430462190)"
916 Webb Ct,2212,Latrobe,"(39.30077424590, -76.60372854710)"
921 Webb Ct,2213,Latrobe,"(39.30043848360, -76.60427448160)"
922 Ashland Ct,2214,Latrobe,"(39.30022810180, -76.60377704950)"
859 McAleer Ct,2215,Latrobe,"(39.29978769380, -76.60479243560)"
943 Wilmot Ct,2216,Latrobe,"(39.29922795410, -76.60387603020)"
1000 Abbott Ct,2217,Latrobe,"(39.30132861390, -76.60339074670)"
1101 Webb Ct,2218,Latrobe,"(39.30058581740, -76.60270631340)"
1000 Ashland Ct,2219,Latrobe,"(39.30025775230, -76.60286094350)"
1020 McAleer Ct,2220,Latrobe,"(39.29986216770, -76.60310718320)"
1001 McAleer Ct,2221,Latrobe,"(39.29970400610, -76.60354027250)"
1116 McAleer Ct,2222,Latrobe,"(39.30012481630, -76.60212028830)"
1130 McAleer Ct,2223,Latrobe,"(39.29990042870, -76.60220399940)"
1101 Wilmot Ct,2224,Latrobe,"(39.29928300170, -76.60267680900)"
901 Valley Ct,2225,Latrobe,"(39.30085163520, -76.60469916700)"
901 Valley Ct,2226,Latrobe,"(39.30024656490, -76.60467539260)"
901 McAleer Ct,2227,Latrobe,"(39.29966089250, -76.60462534270)"
200 Spring Ct,2301,Perkins,"(39.28896228080, -76.59829489350)"
299 Spring Ct,2302,Perkins,"(39.28751485880, -76.59800871810)"
264 Ballou Ct,2303,Perkins,"(39.28803613690, -76.59750334330)"
229 Ballou Ct,2304,Perkins,"(39.28858949480, -76.59721969330)"
269 Dallas Ct,2305,Perkins,"(39.28815493690, -76.59640764940)"
231 Mason Ct,2306,Perkins,"(39.28862141510, -76.59579257470)"
299 Mason Ct,2307,Perkins,"(39.28761390390, -76.59573284840)"
295 Mason Ct,2308,Perkins,"(39.28765683700, -76.59562337800)"
200 Herring Ct,2309,Perkins,"(39.28910837620, -76.59500938490)"
270 Herring Ct,2310,Perkins,"(39.28804855140, -76.59530279040)"
299 Herring Ct,2311,Perkins,"(39.28765533240, -76.59480056290)"
354 Spring Ct,2312,Perkins,"(39.28649190860, -76.59813012770)"
Community Building,2313,Perkins,"(39.28694158910, -76.59772678000)"
1413 Gough St,2314,Perkins,"(39.28733912880, -76.59743385570)"
319 Ballou Ct,2315,Perkins,"(39.28709831210, -76.59712900260)"
330 Ballou Ct,2316,Perkins,"(39.28691797800, -76.59711411800)"
326 Dallas Ct,2317,Perkins,"(39.28699959820, -76.59661540720)"
336 Mason Ct,2318,Perkins,"(39.28685715350, -76.59603157570)"
329 Mason Ct,2319,Perkins,"(39.28697751820, -76.59568512520)"
326 Herring Ct,2320,Perkins,"(39.28705966380, -76.59521699690)"
231 Orleans St,2401,PVG,"(39.29457042100, -76.60404074050)"
310 Forrest St,2402,PVG,"(39.29455422390, -76.60307404290)"
1110 New Hope Cir,2403,PVG,"(39.29373981100, -76.60187714950)"
1021 New Hope Cir,2404,PVG,"(39.29322903470, -76.60271106540)"
1008 New Hope Cir,2405,PVG,"(39.29387087680, -76.60320680170)"
1124 Colvin St,2406,PVG,"(39.29292954550, -76.60182678310)"
215 Saint Mathews St,2407,PVG,"(39.29362544920, -76.60388224120)"
1100 Colvin St,2408,PVG,"(39.29259687000, -76.60326166850)"
SE Corner of N Tot Lot,2409,PVG,"(39.29423353380, -76.60213550860)"
NW Corner of S Tot Lot,2410,PVG,"(39.29329838370, -76.60220792360)"
SE Corner of W Tot Lot,2411,PVG,"(39.29302495510, -76.60317436700)"
Courtyard Play Area,2412,PVG,"(39.29343089340, -76.60132679980)"
NE Elderly Bldg Central Ave,2413,PVG,"(39.29345688970, -76.60012032970)"
NE Community Center,2414,PVG,"(39.29391711800, -76.60121534200)"
SE Elderly Bldg CentralAve,2415,PVG,"(39.29286466200, -76.60009164780)"
SW Elderly Bldg Fayette St,2416,PVG,"(39.29281160330, -76.60067806830)"
Elderly Bldg Court Yard,2417,PVG,"(39.29310956550, -76.60076411020)"
Youth Center Fayette St,2418,PVG,"(39.29183475210, -76.60295905260)"
Daycare Center 1106 Fayette St,2419,PVG,"(39.29204954710, -76.60224869760)"
Daycare Center Play Area,2420,PVG,"(39.29246911280, -76.60198098410)"
NW Senior Center,2421,PVG,"(39.29345751720, -76.60071707530)"
Greenmount and Madison,2501,Dept of Corrections,"(39.29920319110, -76.60678288270)"
Madison and Constitution,2502,Dept of Corrections,"(39.29887497860, -76.60897936770)"
Monument and Fallsway,2503,Dept of Corrections,"(39.29776747170, -76.61055804960)"
Eager St Widows Peak,2504,Dept of Corrections,"(39.30104015180, -76.60825415370)"
Warden St Lot,2505,Dept of Corrections,"(39.30220950360, -76.60976408010)"
Fallsway and Eager,2506,Dept of Corrections,"(39.30124266530, -76.61072187210)"
JFX South,2507,Dept of Corrections,"(39.29904409530, -76.61056077940)"
JFX North,2508,Dept of Corrections,"(39.30106996110, -76.61067368290)"
N Charles St and Center St,2601,Midtown,"(39.29624105650, -76.61562692020)"
N Charles St and Madison St,2602,Midtown,"(39.29853195200, -76.61570916150)"
N Charles St and Read Ave,2603,Midtown,"(39.29975345390, -76.61572978850)"
Park Ave and Read St,2604,Midtown,"(39.30029866760, -76.61852774070)"
N Charles St and Eager St,2605,Midtown,"(39.30111062820, -76.61581325920)"
N Charles St and Chase St,2606,Midtown,"(39.30248083190, -76.61590175210)"
N Charles St and E Biddle St,2607,Midtown,"(39.30353204500, -76.61597299920)"
N Charles St and Preston St,2608,Midtown,"(39.30459450450, -76.61604412750)"
N Charles St and Mt Royal Ave,2609,Midtown,"(39.30548524660, -76.61612002540)"
N Charles St and Lanvale St,2610,Midtown,"(39.30881585390, -76.61633393550)"
N Charles St and North Ave,2611,Midtown,"(39.31098269470, -76.61639993660)"
N Charles St and 20th St,2612,Midtown,"(39.31227450180, -76.61674494120)"
Bubba Gump Restaurant,1914,Inner Harbor,"(39.28497641290, -76.61188192170)"
Visitor Center Waterfront North,1915,Inner Harbor,"(39.28438279430, -76.61184775520)"
Visitor Center Waterfront South,1916,Inner Harbor,"(39.28378936110, -76.61181202430)"
Tour Boat Kiosk,1917,Inner Harbor,"(39.28299914640, -76.61176344810)"
Dessert Shack South,1918,Inner Harbor,"(39.28240559590, -76.61172836320)"
HABC CCTV Hub Building,2701,Poe,"(39.29191685650, -76.63108172740)"
Smokestack South Building SE,2702,Poe,"(39.29164690710, -76.63118127660)"
Smokestack South Building NW,2703,Poe,"(39.29170759060, -76.63153244400)"
222 N Fremont Ave,2704,Poe,"(39.29169248200, -76.63066761710)"
Building 812,2705,Poe,"(39.29154733220, -76.63206730830)"
Building 900,2706,Poe,"(39.29153452170, -76.63236533710)"
Building 904,2707,Poe,"(39.29152454430, -76.63269566730)"
Tot Lot WSW Building,2708,Poe,"(39.29167111300, -76.63276364070)"
Building 901,2709,Poe,"(39.29203222740, -76.63249769780)"
Building 823,2710,Poe,"(39.29204556850, -76.63210262260)"
Building 817,2711,Poe,"(39.29206665710, -76.63149830320)"
Russell St & W Lee St,2801,Casino,"(39.28151126040, -76.62305867690)"
Russell St & Bayard St,2802,Casino,"(39.27344991120, -76.62888169480)"
Russell St & Haines St,2803,Casino,"(39.27291702980, -76.62954517760)"
Russell St & Bush St,2804,Casino,"(39.27236002140, -76.63023307590)"
Warner St & Haines St,2805,Casino,"(39.27208060300, -76.62833472530)"
Warner St & Bayard St,2806,Casino,"(39.27247333000, -76.62767596270)"
Warner St & Worcester St,2807,Casino,"(39.27382467490, -76.62629628210)"
Warner St & Stockholm St,2808,Casino,"(39.27533998400, -76.62437583610)"
W Ostend St & Warner St,2809,Casino,"(39.27642553400, -76.62406302170)"
301 Stockholm St,2810,Casino,"(39.27492644020, -76.62286054110)"
Stockholm St & S Sharp St,2811,Casino,"(39.27423151900, -76.62074511120)"
N Charles St and E Lafayette Ave,2610,Midtown,"(39.30989146240, -76.61639959440)"
N Charles St and E Monument St,2616,Midtown,"(39.29729721240, -76.61540740710)"
E Mount Vernon Pl and Saint Paul St,2620,Midtown,"(39.29764850820, -76.61415452950)"
Maryland Ave and W 20th St,2615,Midtown,"(39.31225860860, -76.61792550990)"
Maryland Ave and W Oliver St,2614,Midtown,"(39.30651087280, -76.61749248790)"
Maryland Ave and W Mt Royal Ave,2613,Midtown,"(39.30531622170, -76.61742741440)"
N Charles St and Penn Station,2622,Midtown,"(39.30752358290, -76.61645616740)"
N Charles St and E Eager St,2621,Midtown,"(39.30095224490, -76.61575346640)"
N Washington Pl and W Mount Vernon Pl,2617,Midtown,"(39.29727927070, -76.61588386940)"
N Washington Pl and W Mount Vernon Pl,2618,Midtown,"(39.29776040660, -76.61591361370)"
N Washington Pl and E Mount Vernon Pl,2619,Midtown,"(39.29777598970, -76.61544094750)"
Windsor Mill Rd & N Forest Park Ave,2900,Windsor Mill,"(39.31038665670, -76.70742822330)"
S Linwood Ave & E Pratt St,2901,Patterson Park,"(39.28992735790, -76.57608410970)"
S Linwood Ave & E Lombard St,2902,Patterson Park,"(39.29113067370, -76.57619009820)"
E Biddle St & Rutland Ave,1,EBDI,"(39.30430179710, -76.59268319860)"
1101 N Wolfe St,7,EBDI,"(39.30386449730, -76.59073027840)"
E Chase St & Rutland Ave,2,EBDI,"(39.30325697350, -76.59238964550)"
E Chase St & McDonogh St,4,EBDI,"(39.30334095030, -76.59363578940)"
N Broadway & E Chase St,14,EBDI,"(39.30328791540, -76.59442690680)"
E Chase St & N Gay St,15,EBDI,"(39.30312854270, -76.59519625740)"
N Broadway & E Eager St,16,EBDI,"(39.30188618110, -76.59467966180)"
E Eager St & McDonogh St,3,EBDI,"(39.30183957070, -76.59354999780)"
N Durham St,8,EBDI,"(39.30229806030, -76.59174066140)"
E Eager St & N Wolfe St,13,EBDI,"(39.30192603770, -76.59128344390)"
E Eager St & N Washington St,11,EBDI,"(39.30199330600, -76.58972203070)"
N Broadway & Ashland Ave,17,EBDI,"(39.30054804050, -76.59425829520)"
Ashland Ave & N Wolfe St,12,EBDI,"(39.30057208810, -76.59095348770)"
Ashland Ave & N Washington St,10,EBDI,"(39.30062372750, -76.58964180120)"
E Madison St & N Chester St,22,Hopkins Fixed Cameras,"(39.29958195340, -76.58803374360)"
E Madison St & N Castle St,17,Hopkins Fixed Cameras,"(39.29952753580, -76.58866549940)"
E Madison St & N Washington St,11,Hopkins Fixed Cameras,"(39.29951830930, -76.58945500060)"
2024 E Monument St,1,Hopkins Fixed Cameras,"(39.29917558730, -76.58800221510)"
2024 E Monument St,7,Hopkins Fixed Cameras,"(39.29870883890, -76.58797210560)"
2024 E Monument St,5,Hopkins Fixed Cameras,"(39.29868042360, -76.58861402540)"
2024 E Monument St,2,Hopkins Fixed Cameras,"(39.29915001570, -76.58864125460)"
E Monument St & N Washington St,13,Hopkins Fixed Cameras,"(39.29865687560, -76.58940046530)"
E Madison St & N Washington St,24,Hopkins Fixed Cameras,"(39.29951355490, -76.58976413560)"
E Madison St & N Wolfe St,29,Hopkins Fixed Cameras,"(39.29947071590, -76.59107224110)"
E Monument St & N Wolfe St,32,Hopkins Fixed Cameras,"(39.29859032430, -76.59101838550)"
733 N Broadway,37,Hopkins Fixed Cameras,"(39.29854946550, -76.59203014370)"
733 N Broadway,34,Hopkins Fixed Cameras,"(39.29942469180, -76.59215291700)"
733 N Broadway,40,Hopkins Fixed Cameras,"(39.29939005560, -76.59290325640)"
N Broadway & E Madison St,42,Hopkins Fixed Cameras,"(39.29945401160, -76.59436329000)"
E Monument St & N Caroline St,45,Hopkins Fixed Cameras,"(39.29814562140, -76.59745278930)"
1501 E Monument St,49,Hopkins Fixed Cameras,"(39.29819604710, -76.59651479590)"
600 N Broadway,100,Hopkins Fixed Cameras,"(39.29823701720, -76.59548953330)"
616 N Broadway,53,Hopkins Fixed Cameras,"(39.29825888740, -76.59490266680)"
N Broadway & E Monument St,55,Hopkins Fixed Cameras,"(39.29827761130, -76.59452711870)"
616 N Broadway,58,Hopkins Fixed Cameras,"(39.29820804260, -76.59449567750)"
N Broadway & E Monument St,60,Hopkins Fixed Cameras,"(39.29829516430, -76.59392510830)"
600 N Wolfe St,62,Hopkins Fixed Cameras,"(39.29833781350, -76.59257661150)"
E Monument St & N Wolfe St,93,Hopkins Fixed Cameras,"(39.29840032690, -76.59100820470)"
E Monument St & N Washington St,119,Hopkins Fixed Cameras,"(39.29845867920, -76.58969355960)"
E Monument St & N Castle St,94,Hopkins Fixed Cameras,"(39.29850298600, -76.58860250580)"
2027 E Monument St,98,Hopkins Fixed Cameras,"(39.29815304740, -76.58858091710)"
621 N Washington St,102,Hopkins Fixed Cameras,"(39.29777212700, -76.58940880530)"
McElderry St & N Washington St,123,Hopkins Fixed Cameras,"(39.29753064480, -76.58965152290)"
600 N Broadway,105,Hopkins Fixed Cameras,"(39.29737196740, -76.59445109570)"
1501 E Monument St,51,Hopkins Fixed Cameras,"(39.29730556310, -76.59624137850)"
McElderry St & N Caroline St,47,Hopkins Fixed Cameras,"(39.29727762790, -76.59741584820)"
N Caroline St & Jefferson St,64,Hopkins Fixed Cameras,"(39.29604008870, -76.59733177530)"
401 N Caroline St,66,Hopkins Fixed Cameras,"(39.29603818650, -76.59709555800)"
401 N Caroline St,71,Hopkins Fixed Cameras,"(39.29608710690, -76.59568952530)"
N Broadway & Jefferson St,136,Hopkins Fixed Cameras,"(39.29617753890, -76.59444806010)"
400 N Broadway,134,Hopkins Fixed Cameras,"(39.29611769000, -76.59477118600)"
550 N Broadway,145,Hopkins Fixed Cameras,"(39.29652534620, -76.59507906890)"
550 N Broadway,143,Hopkins Fixed Cameras,"(39.29668171710, -76.59474184080)"
525 N Wolfe St,168,Hopkins Fixed Cameras,"(39.29708020750, -76.59067219910)"
525 N Wolfe St,149,Hopkins Fixed Cameras,"(39.29732157790, -76.59044465500)"
McElderry St & N Washington St,152,Hopkins Fixed Cameras,"(39.29736384010, -76.58963477690)"
518 N Washington St,156,Hopkins Fixed Cameras,"(39.29688380250, -76.58960456250)"
N Washington St & Jefferson St,163,Hopkins Fixed Cameras,"(39.29650716740, -76.58957499560)"
1909 McElderry St,170,Hopkins Fixed Cameras,"(39.29711430210, -76.59018671770)"
1910 Jefferson St,158,Hopkins Fixed Cameras,"(39.29670643130, -76.59015962850)"
N Wolfe St & Jefferson St,166,Hopkins Fixed Cameras,"(39.29648030840, -76.59062482640)"
1910 Jefferson St,0,Hopkins Fixed Cameras,"(39.29647902000, -76.59032356830)"
1910 Jefferson St,0,Hopkins Fixed Cameras,"(39.29648531090, -76.59014563120)"
201 N Broadway,86,Hopkins Fixed Cameras,"(39.29517335760, -76.59116423650)"
201 N Broadway,83,Hopkins Fixed Cameras,"(39.29512181420, -76.59255879830)"
201 N Broadway,81,Hopkins Fixed Cameras,"(39.29509348190, -76.59337876030)"
201 N Broadway,128,Hopkins Fixed Cameras,"(39.29503639280, -76.59382784820)"
N Broadway & Orleans St,78,Hopkins Fixed Cameras,"(39.29540010020, -76.59378920900)"
N Broadway & Orleans St,141,Hopkins Fixed Cameras,"(39.29538330840, -76.59430669560)"
401 N Caroline St,138,Hopkins Fixed Cameras,"(39.29535732820, -76.59479912530)"
401 N Caroline St,73,Hopkins Fixed Cameras,"(39.29533466280, -76.59545286040)"
401 N Caroline St,68,Hopkins Fixed Cameras,"(39.29527782220, -76.59695244490)"
201 N Broadway,131,Hopkins Fixed Cameras,"(39.29446085130, -76.59377863490)"
N Broadway & E Fayette St,107,Hopkins Fixed Cameras,"(39.29404702680, -76.59376647420)"
1780 E Fayette St,113,Hopkins Fixed Cameras,"(39.29409525800, -76.59247274010)"
1780 E Fayette St,115,Hopkins Fixed Cameras,"(39.29413214500, -76.59156716030)"
E Fayette St & N Wolfe St,89,Hopkins Fixed Cameras,"(39.29415483290, -76.59072460560)"
